{"cameraMode":{"drawMode":0,"name":"Shaded","section":"Shading Mode"},"sceneLighting":true,"audioPlay":false,"sceneViewState":{"m_AlwaysRefresh":false,"showFog":true,"showSkybox":true,"showFlares":true,"showImageEffects":true,"showParticleSystems":true,"showVisualEffectGraphs":true,"m_FxEnabled":true},"in2DMode":false,"pivot":{"x":-5.826569080352783,"y":-1.0201056003570557,"z":-5.2498064041137699},"rotation":{"x":0.12150806188583374,"y":-0.004470746498554945,"z":0.0005468504969030619,"w":0.9925874471664429},"size":10.111371994018555,"orthographic":false}