{"cameraMode":{"drawMode":0,"name":"Shaded","section":"Shading Mode"},"sceneLighting":false,"audioPlay":false,"sceneViewState":{"m_AlwaysRefresh":false,"showFog":true,"showSkybox":false,"showFlares":true,"showImageEffects":true,"showParticleSystems":true,"showVisualEffectGraphs":true,"m_FxEnabled":true},"in2DMode":false,"pivot":{"x":0.001754865050315857,"y":0.0031743962317705156,"z":-0.0039932094514369968},"rotation":{"x":-0.08018318563699722,"y":0.9003986120223999,"z":-0.1879722774028778,"w":-0.3840823471546173},"size":0.1328255832195282,"orthographic":false}